post_id,created_at,text_raw,product,final_sentiment
212806321019893,2026-09-12 14:53:44+00:00,"Lengah dikit naek tuu harga bener aja 2s jadi 200k, PC jadi 60k wokwokwokwok",2SHOT,negative
160703650734019,2026-09-12 14:57:34+00:00,melihat harga 2s naik gak jadi senyum deh,2SHOT,negative
212130866719082,2026-09-12 14:56:03+00:00,"asbun tadi pas nonton anniv ""ntar harga 2s naik"" malah kejadian cooook",2SHOT,negative
244266827031164,2026-09-12 14:53:37+00:00,"Astagfirullahhh HARGA NAIK LAGI!!!!

2S: 200K dan M&G= 60k....

SETAAAAANNNN!!!!!!!!",2SHOT,negative
194063734546472,2026-09-12 17:09:44+00:00,"selain harga 2s yg naik, emosi gw jg naik",2SHOT,negative
75901132033717,2026-09-13 08:34:06+00:00,@user Kaget juga 2shot udah 200k 🥲,2SHOT,negative
152989918754444,2026-09-12 15:52:25+00:00,"okelah 200k tapi ak berharap pengalaman 2s ku kemarin ga terjadi lagi, dmna aku samsek belum siap tapi udh disuruh buru' pose dan lgsg di pencet foto",2SHOT,positive
161457753933912,2026-09-12 15:58:24+00:00,Harga 2s udah naik tinggal nunggu Pertamax naik jadi 20 RB 🙂‍↔️,2SHOT,negative
69426036921911,2026-09-12 15:40:02+00:00,"Judul Event : Ayo senyumlah

liat harga 2shot, yang senyum yang mana ? @user 
Dompet gw ga senyum asw [link]",2SHOT,negative
106173346741339,2026-09-12 17:46:44+00:00,lah harga 2s naik? untung namatin tusut 2 sesi pas masih 180k wkwkkwkwkwkwkwkwkkw,2SHOT,negative
43624167211362,2026-09-12 15:31:16+00:00,"Meski harga 2s naik, tapi lumayan lah buat 2s sama Yukinee atau Masaru 🥹",2SHOT,positive
72369898504482,2026-09-12 15:02:18+00:00,Harga 2s ama teater jd sama ya 😂😂😂,2SHOT,neutral
94874581300880,2026-09-12 15:05:25+00:00,2s 200k itu ga rispek bgt wok indisekonomy🥀🥀,2SHOT,negative
51440883889964,2026-09-13 02:07:50+00:00,oke 200k tp 2s ga ada jarak ya @user ? deal,2SHOT,positive
143969558848095,2026-09-13 01:58:01+00:00,"harga 2Shot naik, tapi kualitas nya YTTA",2SHOT,negative
72318659210362,2026-09-12 15:18:48+00:00,"stress 2shot skrng 200k, bahan baku yg naik apaan si",2SHOT,negative
258375479510698,2026-09-12 23:11:16+00:00,Gara” mng naik gak jadi dah gw mng ke member member lain 😭 gak cukup duitnya  🤦‍♂️ mau 2s ribka aja harus topup lagi anying jot,BOTH,negative
14949973088128,2026-09-12 15:03:47+00:00,HARGA NAIK ANJINGGGGGGGGGGGG 2S MNG,BOTH,negative
186552598126400,2026-09-13 00:17:05+00:00,Wota yg dah stress perkara tiket MnG n 2shot naik be like: [link],BOTH,negative
33886287018001,2026-09-12 16:28:06+00:00,"bahkan harga 2s sama mng naik, gue masi gapernah keduanya,,,,💔💔",BOTH,negative
67898090666953,2026-09-12 15:06:35+00:00,sengaja banget tadi dikasih banyak pengumuman menyenangkan soalnya mau naikin harga 2s sama mng 🫵🏼😭😭,BOTH,negative
210739210296582,2026-09-12 14:58:13+00:00,"gara"" dollar naek, harga MnG dan 2Shot ikutan naek gini

lu sih wok @user",BOTH,negative
185721010618552,2026-09-12 14:56:31+00:00,"Gila anjirr mng jadi 60k , 2shot 200k , in this ekonomi woyyy 😭 ngarenghap aingmah😔🏃‍♀️",BOTH,negative
41252334954086,2026-09-12 14:59:44+00:00,damn harga 2shot & mng naik😌,BOTH,negative
260198851807799,2026-09-12 14:55:04+00:00,"BARU JUGA DI PUJI LANGSUNG BERULAH
HARGA 2S SAMA MNG JADI NAIK SIALANNNNN [link]",BOTH,negative
269441980729470,2026-09-12 15:33:11+00:00,Gara gara lu @user harga 2s sama mng naik anj 🖕🏻,BOTH,negative
87257790130767,2026-09-12 16:18:48+00:00,"Dipaksa senyum njir, gaji gak naik harga 2s dan MnG naik 😂 [link]",BOTH,negative
74842998054981,2026-09-12 15:08:09+00:00,"eh kontol @user 2s 200k masih okelah, ini mng 60k pertiket ttp 10 detik? gokilll, firaun ge kalah ama lu jot",BOTH,negative
48217144938764,2026-09-13 02:36:35+00:00,"@user tadinya mau, tapi liat 2s mng naik mending gweh naik bananaboat di danau toba",BOTH,negative
172150510226223,2026-09-13 01:19:01+00:00,Bangun tidur dengan keadaan harga 2s dan mng naik wkwk beneran disuruh pensi ini mah 😂,BOTH,negative
197668710514199,2026-09-12 15:18:38+00:00,"dibuka dengan dibikin kesal dengan streaming yg buruk, ditutup dengan harga 2s mng naik",BOTH,negative
277809495361827,2026-09-12 16:20:57+00:00,"2s 200K, MnG 60K duit darimana anj. BOIKOT JEKETI!!",BOTH,negative
232972399685830,2026-09-12 15:19:08+00:00,"2s naik alesannya buat genepin point.

mng naek biar apaaa????",BOTH,negative
30189702509238,2026-09-13 04:22:16+00:00,"2s naik jadi 200 ya udah deh walaupun kesel ga dpt soft file, foto diburu2 in, TAPI MNG JANGAN GILAKKKK 60 REBU 10 DETIK WTF, minimal 15 detik sial",BOTH,negative
22620678748289,2026-09-12 15:07:21+00:00,Tiketnya MnG sama 2S makin naik 😄 jadi Tuhan tolong rejekiku juga di naikan berkali kali lipat dari skrng 🤲,BOTH,negative
54637297662645,2026-09-12 15:03:57+00:00,"2SHOT NAIK 200 
MNG 60
MERCH BDTS JUGA NAIK, KALO VC,TEATER,RULET,2BDAY JUGA NAIK ANJ SIHHH 😡😡",BOTH,negative
165273863451511,2026-09-12 14:58:25+00:00,"@user Baru dipuji dikit udh ngeluarin pengumuman yang bagus eh nyungsep lagi gara2 harga Mng & 2s ternyata naik, Pantes tajuk Mng nya ""Ayo Senyumlah"" liat harganya bikin senyum2 buat jot pdhl in this economy loh wkwk",BOTH,negative
262917374671081,2026-09-12 22:56:02+00:00,@user Tapi harga 2s MNG naik,BOTH,neutral
231399740625137,2026-09-12 15:05:54+00:00,iya-iya disuruh SENYUM waktu liat harga 2s & MnG ☺️,BOTH,negative
190690967249832,2026-09-12 15:14:26+00:00,Wkwkwwk harga mng 2shot naik lagi,BOTH,negative
150957060062137,2026-09-13 09:55:13+00:00,Harga 2s sama mng Naik.. harga tiket pesawat pun ikut naikk..,BOTH,negative
40968435707138,2026-09-12 15:35:35+00:00,"udah tadi dipuji pas pengumuman, eh malah ngelawak lagi karena harga mng sama 2s naek,
jot jot @user @user",BOTH,negative
37674606521391,2026-09-12 14:56:46+00:00,"2s 200k
mng 60k 
inflasi, gaji aja gak naik naik",BOTH,negative
6137894831083,2026-09-12 15:19:52+00:00,"Kondisiku melihat harga 2s dan mng naik, tapi judul eventnya 'ayo senyumlah' [link]",BOTH,negative
203015073292617,2026-09-12 22:47:59+00:00,"TRAINEE GA NAIK NAIK
HARGA 2shot Mng yg naik wkwkwkw sialan 🫵🫵🫵",BOTH,negative
102656851373064,2026-09-12 15:10:29+00:00,ini mah yg senyum jotttt. Harga 2s mng naikk,BOTH,negative
234621326553622,2026-09-12 15:15:54+00:00,"Semangat adik"" yg udh ngumpulin uang jajan sekolah nya demi ikut event 2s & mng dan tiba"" harganya naik😄😃",BOTH,negative
180293410656689,2026-09-13 06:13:52+00:00,"2s naik, mng naik. vc juga kemungkinan bakal naik kah? 🥀",BOTH,negative
5564913865742,2026-09-12 14:52:16+00:00,"Naik lagi  aja wkwkwk ga jadi senyum ini mah 2s 200 ribu , mng 60 rb 🙂‍↕️",BOTH,negative
103105259218341,2026-09-12 17:34:21+00:00,"(Berpikir positif) JOT naikin harga 2s dan mng tujuannya supaya fans lebih semangat naikin income dan mengatur keuangan lebih bijak in this economy. 

Tapi tetep sih IDN i nya I5R43L.",BOTH,negative
272150372546299,2026-09-12 15:00:50+00:00,"Baru dipuji dikit udh ngeluarin pengumuman yang bagus eh nyungsep lagi gara2 harga Mng & 2s ternyata naik, Pantes tajuk Mng nya ""Ayo Senyumlah"" liat harganya bikin jot senyum ini mh wkwkwk. Pdhl in this economy loh woy",BOTH,negative
180716220206082,2026-09-12 15:39:13+00:00,"Halah sok-sok an pada ngeluh harga 2s/MnG naik tapi kalian tetep pada  top up point + beli kan???
.
.
.
.
.
.
.

SAMA!!!",BOTH,negative
85957537944016,2026-09-12 18:01:59+00:00,"Harga 2s mng naik anjjjjj, dompet ku menangis",BOTH,negative
276215195925570,2026-09-12 16:14:31+00:00,gass kritik atau bocotin jot sampe harga mng/2s turun lagi,BOTH,negative
114144588820838,2026-09-12 15:01:51+00:00,"woi manajemen jelek kalo livestreaming lu dah jelek, aturan clip udah jelek, jangan ikut ikutan jelekin lagi pake naik naikin harga mng 2s anjingg, gw udh ngukur harga jadi kacau balau gara gara lu kan, ah elu.",BOTH,negative
41516725324101,2026-09-12 14:58:51+00:00,"2s naik 20k
mng naik 10k
digabung jadi 30k mending beli marlong ama teh pucuk [link]",BOTH,negative
95601992607089,2026-09-12 15:03:49+00:00,Ini harga naik kalo sampe hasil 2S nya gelap gulita dan/atau staff OS nya gabener ngitung stopwatch pas MnG halal dipukul yagesya,BOTH,negative
185542115145715,2026-09-12 14:53:03+00:00,gue belum mng/2s harganya udah naik aja,BOTH,negative
274531650081907,2026-09-12 17:18:52+00:00,"wkwkwk
naikin harga 2s ama mng
tapi return ke fans apa??

lagu masih jarang
MV masih jarang
issho masih jelek",BOTH,negative
87717525971293,2026-09-12 15:01:19+00:00,"Harga 2shot dan MnG naik. ""Ayo senyumlah"" 😊",BOTH,negative
217992136212876,2026-09-12 15:17:57+00:00,"”Politik tidak berpengaruh apa-apa sama hidup gue.”

Itu 2s sama Mng naik harganya anjeng, gak lama harga theater naik pasti ini cuqwi [link]",BOTH,negative
158545144091720,2026-09-12 15:07:54+00:00,"Harga 2s naik, harga mng naik, yang ga naik gaji gua bgst",BOTH,negative
205431866709815,2026-09-12 15:15:47+00:00,"Abis ngomong keadaan ekonomi, keluar lah pengumuman mng 2shot harga naik",BOTH,negative
112551600422587,2026-09-12 14:58:11+00:00,"harga 2s naik jadi 200k, mng jadi 60k. gilaa sih gilaa bener bener gila [link]",BOTH,negative
246215991453493,2026-09-13 04:47:06+00:00,"MnG 60k
MENDING GW BELI PAKET KELUARGA SERU(3 Ayam, 3 nasi, 3 minum, 2 McFlurry) HARGA 52K [link]",MNG,negative
202767399473772,2026-09-12 18:25:08+00:00,"Coba kalo hrga mng 60k per 10detik itu ditambahin benefit handsake, misal kalo gak bisa lama durasinya  dibikin akhir percakapan, atau kalo mau higienis pake handsanitazer dulu sekalian sebelum salaman mungkin bakal lebih worth it",MNG,negative
252400733838988,2026-09-12 17:35:30+00:00,"@user @user Naspad 25k mahal
MnG 60k murah

Ayo pilih mana 🤣",MNG,positive
208718906706102,2026-09-13 05:57:01+00:00,@user Apa apaan harga mng 60.000 trus waktunya kaga nambah,MNG,negative
33774285890855,2026-09-12 16:01:22+00:00,@user Kalau mng naik 60k harusnya durasinya di tambahkan om jot.,MNG,negative
135664919951089,2026-09-13 02:09:56+00:00,"harga MnG naik jadi 60k

bonus point: I’m sorry if i’m not fungsi [link]",MNG,negative
120894989777274,2026-09-12 15:04:08+00:00,"JOT SUMPAH SEDIH BGT MASA NAIK JADI 200K & MnG JADI 60k.....

???  :(",MNG,negative
169134815910719,2026-09-13 04:46:32+00:00,"MnG 60k / 10 detik 
Vc 120k / 50 detik 
Jujur masi worth it video call, minimal harga naik tuu waktunya juga ditambahin laa, semua dinaikin tapi masi gitu aja yaa siapa yang ga ngamuk anjrot",MNG,negative
2366002186779,2026-09-12 16:18:17+00:00,"Tiket mng 60k itu 10 dtk
2 tiket mng = 1 tiket vc.
Mending vc bisa lebih dari 30 dtk.
Tapi pada dasarnya orang orang mng buat ngincer pc sih. Kalau ngobrol pada ngejar nya vc",MNG,negative
91286357986368,2026-09-13 01:54:53+00:00,bgst balik dari gunung harga mng sama tusut malah naek,MNG,negative
235419335998785,2026-09-12 22:04:37+00:00,pengeluran tidak terduga. renewal ofc barengan sama harga mng yang naik 🥲 [link],MNG,negative
207129166455478,2026-09-13 02:56:59+00:00,Baru tahu kalau MnG harganya udah 60k. Setara harga nasi padang Plaza Senayan.,MNG,negative
270238123528119,2026-09-12 15:20:52+00:00,"@user gaa bisa, harga 2s naik",2SHOT,neutral
80976136061077,2026-09-13 03:02:38+00:00,"Intinya ak emang makes wkwk 200k pula, mizumin pagi bgt pula😭 tp kurang ajar ga sih klo dpt 2shot doi trus pose nya bakuretsu",2SHOT,negative
259781413228277,2026-09-12 15:02:28+00:00,rupiah menurun harga 2s & MnG naik,BOTH,neutral
81944211636145,2026-09-13 03:14:48+00:00,"Bagaimana mereka tidak pede naikin harga, di event terakhir aja sekitar 50.000++ tiket MnG & 7.150 tiket 2s sold.",BOTH,neutral
152503470980903,2026-09-12 17:00:34+00:00,"@user MnG tu udah dari era tour pascacovid, tapi waktu itu dibundle 3 PC 30 detik langsung dengan harga 150ribu dari harga semula 35ribu (waktu tour 2019) 
Kalo 2s naik dari 100 - 150 - 180 - 200
Tapi lupa per kapan
VC dari 100 ke 120 di awal tahun 2025
Theater 100 - 120 - 150 - 200",BOTH,neutral
50387738472881,2026-09-12 14:53:54+00:00,naik harga jir mng sama 2s WKWKWK,BOTH,neutral
39017040033501,2026-09-12 14:52:15+00:00,Harga tiket 2S dan MnG naik 🤣🤣🤣,BOTH,neutral
258923036840485,2026-09-13 01:17:28+00:00,@user 2s mng dh naik tinggal vc nih kabarnya belum,BOTH,neutral
97651138595097,2026-09-12 15:00:17+00:00,harga mng sama 2s naik awowkwokwk,BOTH,neutral
18668033603229,2026-09-12 14:59:14+00:00,"2shot 200k/tiket
MnG 60k/tiket

🙂",BOTH,neutral
56385901686272,2026-09-12 18:06:53+00:00,@user Jot: tapi tiket mng ama 2s nya naik ya,BOTH,neutral
185924613940579,2026-09-13 01:24:54+00:00,"Emang sih dengan perhitungan harga baru mng, kyk gini

Contoh target sama

> Old:
Mng : 50rb x 680tiket = 34jt
2s : 180rb x 370tiket = 66.6jt
Sum= 100,6jt
Total terjual = 1050

> New:
Mng : 60rb x 610tiket = 36,6jt
2s : 200rb x 320tiket = 64jt
Sum= 100,6jt
Total terjual = 930",BOTH,neutral
264535695250558,2026-09-12 14:55:25+00:00,wow harga 2s mng naik semua,BOTH,neutral
104484167132368,2026-09-12 14:56:48+00:00,@user Oke MnG naik 10k trs 2s naik 20k 😌,BOTH,neutral
98934907808998,2026-09-13 01:38:15+00:00,"JOT : nih gw bonusin harga MNG : 60k, 2s : 200k [link]",BOTH,negative
1490968236517,2026-09-13 06:26:12+00:00,"@user @user MNG 60k 10 detik, dengan 200k sudah berfoto dan ngobrol sama oshi 😇

Berfikirlah dengan bijak kawan kawan",MNG,neutral
65062522049395,2026-09-12 15:47:50+00:00,Kenaikan harga MnG JKT48 jadi 60 ribu per 10 detik udah sama dengan MnG KLP48 nih (40 MYR/30 detik = IDR 180 ribu/30 detik = IDR 60 ribu/10 detik) 🤣🤣,MNG,neutral
247493855530177,2026-09-13 06:11:59+00:00,"Saran gw buat yang mau ke MNG JKT48 bareng AKB48. Mending beli 2S ketimbang Personal MNG karena apa, lw beli tiket MNG 60k for 10 second and you've got nothing, sementara lw beli 2S 200k bisa interact more than 10 second which is at least you've got what you want.
@user",BOTH,negative
244112459342401,2026-09-13 05:31:58+00:00,"2s 200k
mng 60k
masalah krismon sedang melanda...",BOTH,negative
87425776913895,2026-09-13 00:14:20+00:00,"2s 200k baru masuk bilik, staf nya ngeburu2in, geser ka jgn deket2, sampe ga center ke kamera, pdhll yg ngedeket tuh membernya yg ditegur fansnya, mana hasilnya jelek.
Mng 60k udh gabisa handshake, staf masuk ke dlm di halangin 2 meja, bahan pc nya jelek  @user  😝",BOTH,negative
186879328033307,2026-09-12 23:33:59+00:00,"Cukup 
2s = 200k
MnG = 60k 

-VC
-Theater
-Rulet
-Cheki 
Cukup , gak usah mbok undakne @user
@user",BOTH,negative
51846153251824,2026-09-12 17:09:55+00:00,"yu bisa yu

tiket 2s 200k
mng 60k
vc 150k
potopek 100k
masuk fx 25k
admin top up point 15k
bd2s 300k
teater 225k
 
yuuu bisa yuuu
bisa bubar semua fans njengg",BOTH,negative
31411583700074,2026-09-12 15:30:09+00:00,um.... 2s 200k...? mng 60k...?,BOTH,neutral
42701062051630,2026-09-12 15:14:54+00:00,"Wowwww harganya naikk
2s  : 200k
Mng  : 60k
Kalo kualitasnya masih sama, udah sihh🏳️",BOTH,negative
195072968245734,2026-09-12 14:55:38+00:00,"Oke 

MnG 60k
2S 200k

Mantap djiwa",BOTH,neutral
71863540949596,2026-09-12 14:54:10+00:00,"2s: 200K
MnG: 60K

anj lu prabowo...",BOTH,negative
119325337522954,2026-09-12 14:53:14+00:00,MnG 60k 2S 200k anjjjj kapitalis cok,BOTH,negative
189868642997505,2026-09-12 14:51:07+00:00,"MnG 60k
2s 200k 
😂 [link]",BOTH,neutral
27028974250448,2026-09-13 06:16:40+00:00,"Huft, dengan harga 2s & mng naik jadi mikir-mikir. Apakah ngidol masih se worth it itu untuk fans far?
Menimbang harga tiket pesawat juga naik, blm akomodasi disana. Poor me😞",BOTH,negative
10589791083999,2026-09-13 03:02:32+00:00,"Sekiranya cukup beli 2s dan MnG oshi ya sudah, tidak perlu marah - marah harga naik. Harga naik aja tetep kamu beli kan.",BOTH,positive
96738617580040,2026-09-13 02:58:58+00:00,"2s = 180k > 200k
MnG = 50 > 60k

Gue ngeluh in this economy tapi malah naik nih jeketi. Trus di balas ""berarti target pasar nya bukan lo."" Damn. Sebenarnya semua hal tuh ada efek domino kan, mungkin ga kerasa sekarang tapi nanti. Tp yaudah kalo emang bukan gue target marketnya:)",BOTH,negative
263415602382197,2026-09-13 01:53:00+00:00,"lega pas denger anniv disurabaya krn klo di luar jakarta nonton ny streaming, pas liat harga mng sm 2s naik menjerit tabungan gwehhh😭😭🙏",BOTH,negative
192777605321744,2026-09-13 00:22:22+00:00,"Minimal kalo kasih kenaikan harga yg naik segitu gedenya harus di imbangi sama service ke customer tuh yg bagus.
Jgn maunya duit, yg diotak isinya cuma duit doang @user @user dongo
2s aja 200k lu kasih jarak hasilnya jele pula
Mng 60k lu ga kasih handshake skrng",BOTH,negative
268651688837272,2026-09-13 00:21:46+00:00,"kalo tiket mng, 2s aja naik, apa kabar tiket anniv ☺️",BOTH,neutral
246532943927207,2026-09-13 00:10:29+00:00,"Udh harga 2s mng naik, event banyak, umr imut masih dibuat sedih karna streaming idn yg ke taik. WNI lg",BOTH,negative
169447611895307,2026-09-12 23:33:05+00:00,"bangun tidur ngeliat pengumuman mng 2s yg harganya naik, awas aja kualitasnya ga sebanding ya☺🫵🏻",BOTH,negative
163001547723664,2026-09-12 23:01:29+00:00,"@user kau kenapa sih, Tiba-tiba harga 2s mng naik??? 
Apakah kau mau hilangin fans secara perlahan??? Kasian lho yg belum pernah 2s mng sama oshinya",BOTH,negative
99767776894648,2026-09-12 22:56:37+00:00,"Apa ini coyyy:) 
Giliran mau comeback ngevent aja 2s sama mng harganya pada naik semua ngehek lahh",BOTH,negative
43772847842216,2026-09-12 22:53:07+00:00,"mng 2s udah kaya pertamax, naik harga, pada protes, tetep dibeli",BOTH,negative
141783696667722,2026-09-12 22:33:47+00:00,Bangun bangun liat harga mng ama 2s naik ye,BOTH,neutral
276919884909811,2026-09-12 18:51:06+00:00,@user @user Wkwk instant pula mundurnya (harga 2s + MnG naik) 😂,BOTH,negative
93384341138769,2026-09-12 17:10:54+00:00,"Sebuah lelucon menjelang akhir thn, si tiba² naik anjer harganya 😆 tp gpp, naikin terus aja JOT sampe harga 2S nyentuh 500K, MNG nyentuh 300K, kalo ngga lama kelamaan buyar tuh grub, eh tp ini fans JEKETI sihh, brppun harganya ya ttp dimakan jg sama mereka, wkwkw lanjutin JOT 👍🏼",BOTH,negative
4584401185437,2026-09-12 17:10:41+00:00,"ini ofc gak bisa beli 1 bulan aja gitu? 

sayang banget 300k cuma buat 1 event habis itu gak kepake lagi, ditambah harga 2s, mng ikutan naik juga 🙂",BOTH,negative
20015030536643,2026-09-12 17:04:54+00:00,buat apa harga 2s naik jadi 200 klo cmn bisa sekali take dan gabisa retake?? dan buat apa mng naik jd 60 tapi per 10 detik??,BOTH,negative
196925493543177,2026-09-12 16:48:33+00:00,"@user Nonton jaydino misuh"" Karena mng 2s naik",BOTH,negative
278248015615306,2026-09-12 16:40:21+00:00,"harga mng 2s naik, untung udah pensi 😃",BOTH,negative
162081213635672,2026-09-12 16:11:55+00:00,pantes disuruh senyum ternyata harga 2s & MnG naik wkwkwk,BOTH,negative
258720551342105,2026-09-12 16:10:30+00:00,"@user Itu dia 😅
Seneng trisha jadi center single jd agak  ketutup gini sama harga 2s mng naik😅🙃",BOTH,neutral
246431131834696,2026-09-12 16:05:22+00:00,"In this economy harga mng 2s naik. GILIRAN GUA MAU IKUTAN MALAH NAIK, JELEK LUH @user",BOTH,negative
276046608046448,2026-09-12 15:59:44+00:00,"@user @user @user yg paling masuk akal sih itu, kecuali nnt hari h kualitas 2s sama mng naik yaa gatau, tp untuk sekarang ya itu sih, masa iya JOt yg baik ini asal naikin harga? 👀",BOTH,neutral
243312236452866,2026-09-12 15:53:33+00:00,"Kaget jugaa kirain bakal melakukan kegiatan kemanusiaan, narik soal bencana, politik, ekonomi. Gong nya harga 2S dan MnG malah naik😅😅",BOTH,negative
109164139284018,2026-09-12 15:52:41+00:00,"yanh diharepin ada trainee yanh naik
yanh dikasich harga 2s/mng yanh naik

ini tusut dipoto pake mirrorless sony kah harga na sampe segituk?",BOTH,negative
157727310368120,2026-09-12 15:51:56+00:00,"BUJUK BUSETT, gw tinggal ga mng 2s setahun udah naik aja itu harga pc sama 2s nya. udah paling bener gausah ofc dahhhhh, boncos boncoss deh lu pada kalo ntar vc juga naik [link]",BOTH,negative
25289700955174,2026-09-12 15:45:25+00:00,"@user Emang babi, yang satu niatnya top up 200k terus beli vc jadi tinggal top up 100k lagi buat 2s, yang satu bonus point udah diniatin buat mng, eh malah naik semua😔 [link]",BOTH,negative
205975451242344,2026-09-12 15:38:59+00:00,"Harga MnG dan 2s sudah naik, apakah sebentar lagi harga VC bakal naik juga? Woilah cikkkkk",BOTH,negative
173481532552448,2026-09-12 15:38:49+00:00,"buset dah keliatan bgt galang dana nya, 2s naik 20 rebu MnG naik 10 rebu",BOTH,negative
231029056222145,2026-09-12 15:38:42+00:00,"naik naik MnG naik, tinggi tinggi sekali
naik naik, 2s pun naik, tinggi tinggi sekali
sattt emang",BOTH,negative
24433802940230,2026-09-12 15:38:04+00:00,"@user 2s jadi 200k naik 11,11%
mng jadi 60k naik 20%

in this economy jahat banget lu jot",BOTH,negative
190121595510400,2026-09-12 15:30:11+00:00,"Abis MnG 2s naik (cek ombak dan tetep laris), abistu teater dan vc naik. Lesgooo pensiiii",BOTH,negative
10193031506398,2026-09-12 15:29:47+00:00,@user 2S NAIK 20rb. MNG NAIK 10RB. </3,BOTH,negative
169517345981718,2026-09-12 15:29:07+00:00,in this economy harga 2s mng naik...,BOTH,negative
144041717232448,2026-09-12 15:28:01+00:00,wow harga mng dan 2s naik,BOTH,neutral
201053349369754,2026-09-12 15:24:55+00:00,"kl kata gw sih kasih tau alasan kenaikan harga 2s sm mng biar jelas, ngeselin tau kalo naik tiba tiba tanpa penjelasan

@user @user",BOTH,negative
131589922362386,2026-09-12 15:17:04+00:00,"Harga tiket 2s naik 20k = 200k
Harga tiket MnG naik 10k = 60k

Bajingan lu JOT!!! 😡🤬",BOTH,negative
115069757768920,2026-09-12 15:17:00+00:00,"2s MnG Naik
November-Desember Tour
Desember Anniv
Semangattt",BOTH,neutral
152570530681497,2026-09-12 15:16:43+00:00,meskipun udah immo tetap down harga MnG 2S naik 😭😭😭😭,BOTH,negative
17624616574164,2026-09-12 15:10:27+00:00,"FANS: apaan harga mng naik 10ribu, 2s juga naik 20ribu, tapi kualitas gitu gitu aja.

JOT: ayo senyumlah.😊",BOTH,negative
50131061023703,2026-09-12 15:03:00+00:00,"2s naik
mng naik
wow in this economy semuanya naik bgt nih🤔",BOTH,negative
155229070391614,2026-09-12 15:02:58+00:00,Harga 2s dan MnG naik. Waktunya pensi. Semakin dekat menuju kesembuhan 😁,BOTH,negative
239274219102141,2026-09-12 15:02:27+00:00,"Omakkkk

MnG 50k > 60k
2s 180k > 200k

(dah kek bensin naik mulu per bulannya)",BOTH,negative
137664539094547,2026-09-12 15:01:36+00:00,"MNG 2S naik, makan nasi sama garem aja udeh",BOTH,negative
57241365368195,2026-09-12 15:00:33+00:00,@user anniv 15 harganya pasti ga semurah anniv 12 wkwkw 2s mng aja naik harganya😃,BOTH,negative
44273002029341,2026-09-12 15:00:22+00:00,disuruh senyum disaat harga 2s dan mng naik? maksud lau mpruy?,BOTH,negative
119385122999107,2026-09-12 14:59:45+00:00,"2s naek 20k trs MnG naik 10k, curiga buldep VC jg naik 🗿",BOTH,negative
201127153305847,2026-09-12 14:58:25+00:00,Naiknya harga MnG sama 2s ini tandanya harus bersiap harga theater naik 🙂,BOTH,negative
216853985493032,2026-09-12 14:56:06+00:00,"NAIK JINGGGG apalah

200k 2s, 60k MnG 😔",BOTH,negative
123389003464652,2026-09-12 14:56:06+00:00,"Seriusan harga 2s mng naik? ? ? 
Pantesan disuruh senyum . . . . 😅",BOTH,negative
260651154977539,2026-09-12 14:55:42+00:00,"mng naik ceban,2s naik 20 bertemu osha oshi kena inflasi,syit syit syit",BOTH,negative
243298683771254,2026-09-12 14:55:20+00:00,"gila banget, gw bisa gila si harga MnG naik 10rb IN THIS ECONOMY, harga 2s naik 20rb IN THIS ECONOMY",BOTH,negative
62713203210354,2026-09-12 14:55:06+00:00,"Nama eventnya ""Ayo Senyumlah"" di saat harga MnG-nya naik jadi 60rb dan 2s-nya jadi 200rb, kok SENYUM tuh 😂",BOTH,negative
222925571240730,2026-09-12 14:54:58+00:00,"In this economy, rupiah melemah tapi tiket MnG sama 2S member jeketi naik, dah lah😭",BOTH,negative
169077674694565,2026-09-12 14:54:32+00:00,"Kikir mau naik haji lu wahai jot?
2s naik 200
Mng naik 60",BOTH,negative
31815232047199,2026-09-12 14:54:21+00:00,"NAIK HARGA NYA 😭😭😭

In this economy... mng jadi 60k, 2s jadi 200k...",BOTH,negative
74968857446764,2026-09-12 14:54:12+00:00,"harga 2s& MnG naik, mau naik hj kah 😇",BOTH,negative
215429618461123,2026-09-12 14:53:15+00:00,Keren harga 2s dan MnG naik,BOTH,neutral
206382677914996,2026-09-12 14:49:43+00:00,WAH HARGA 2S & MNG NAIK,BOTH,neutral
82564571534333,2026-09-13 07:55:00+00:00,"day 1 jadi orng bingung, dateng mng atau anniv? atauu.. dua²nya?? Tapi in this economy malah tiket 2shot sama mng naik😔",BOTH,negative
34062204635474,2026-09-13 03:45:27+00:00,"@user Iya MnG naik 10rb, 2shot 20rb",BOTH,neutral
138378985949238,2026-09-13 02:40:21+00:00,"@user iya mng naik 10k, 2shot naik 20k",BOTH,neutral
196015320615597,2026-09-13 01:30:16+00:00,Pagi yang sangat apa guys di kala MnG Dan 2shot harganya naik? #JKT48TeamOn #JKT48theater14Anniversary,BOTH,neutral
238686977519458,2026-09-12 15:30:13+00:00,2shot & MnG udah naik tinggal tunggu waktu aja theater sama roullete naik juga [link],BOTH,negative
269852505096524,2026-09-12 15:21:01+00:00,Tabrakan semua jadwalnyaa bjirlaahh marah harga 2shot mng naik maraahhh,BOTH,negative
259342439824142,2026-09-12 15:13:13+00:00,Gue ngatur ulang strategi pengeluaran 2shot & mng karena harganya naik be like: [link],BOTH,negative
128826639619285,2026-09-12 14:55:53+00:00,"2shot sm mng naik harga, hebat @user @user [link]",BOTH,negative
141689570729519,2026-09-12 14:54:26+00:00,"2shot mng jg naik harga lagi sialan, abis ini udahan ngidol, fix yh",BOTH,negative
121097826170561,2026-09-13 10:10:45+00:00,"Syukur syukur bisa open donate juga, kalau ‘lebihan’ dr kenaikan harga MnG dan 2s itu buat charity ke korban NTT pun gapapa bgt 🥹",BOTH,positive
271929878174236,2026-09-13 07:13:58+00:00,politik menentukan harga mng dan 2s,BOTH,neutral
107001920174212,2026-09-13 06:34:11+00:00,"@user Iya lagi kepikiran gini. Kalo 2s jadi 200k mungkin buat genapin harga kali(?). Tapi MNG jadi 60k ini jelek Loh angkanya. Ini taktik JOT banget yaa buat perlahan² naikin harga. 

Saatnya mengucapkan selamat tinggal ga sih guys",BOTH,negative
125415642605338,2026-09-13 05:47:17+00:00,"Assalamualaikum Saya mewakili JOT dan mewakili IDN penetapan stok dan harga 2S dan MnG terbaru untuk event “JKT48 & AKB48 Personal Meet & Greet Festival Ayo Senyumlah” stok dan harga sangat terkendali sangat aman. 

Jangan panik okey...",BOTH,neutral
263855639073783,2026-09-13 05:34:05+00:00,"[a threads]
mengulik alasan dari kebijakan idn live dan kenaikan harga 2s/mng dalam meningkatkan bisnis dan eksklusivitas jkt48",BOTH,neutral
163479935954326,2026-09-13 05:20:12+00:00,"Pantes nyuruh senyum, ternyata harga tiket 2s dan MnG dinaikkan. 😊",BOTH,negative
116267024606723,2026-09-13 04:23:09+00:00,@user Pake Gimik ttg bencana ekonomi politik buat bridging single baru dan malemnya mereka naikin harga 2s mng wkwkwkwkw udh gilakkkkkk kapitalisnya jot,BOTH,negative
37406983867129,2026-09-13 01:07:10+00:00,Ada masalah apa ya sampe naikin harga 2s dan mng??,BOTH,negative
81118279838438,2026-09-12 18:42:00+00:00,"HEH biji salakkk harga nya lu naikin itu orang orang ga jadi senyum anjayyy, mana 2s masih di kasih jarakkkk yang jauhhh ituuu lagiii, mng lu buat top nya jadi ga bisa genapp jingg",BOTH,negative
114077958505821,2026-09-12 17:42:35+00:00,@user @user 60k 10 detik g worth it banget mending di buat 2s coba lah @user mohon di pertimbangan untuk harga mng jujur bener2 g worth it banget dengan harga segitu cuman 10 detik dulu aja 50rb Masih mikir skrg 60k malah buat mikir dia Kali. Tolong di pertimbangkan dengan baik2,BOTH,negative
47217513296133,2026-09-12 17:17:49+00:00,"Setelah lihat harga 2s dan mng naek Selogan "" Ayo Senyumlah"" Gk cocok buat event kali ini jot...",BOTH,negative
1992029411426,2026-09-12 17:02:23+00:00,"@user semoga segini ya nder.. soalnya ngeliat jot sengan ‘gampang’ naikkin harga 2s 20k dan mng 10k aja beneran gila bgt. jadi, ada kemungkinan jot berani nekat jg naikkin jadi minimal 500k yg murah",BOTH,negative
129734278192564,2026-09-12 16:40:18+00:00,"Dengan naiknya harga MnG & 2S gw malah kepikiran ini gen 14 makin berat aja. Taun lalu gw masih bisa ‘iseng’ MnG 2 tiket ke Jemima. 

Kira-kira MnG besok yang ‘iseng’ kenalan ke gen 14 apakah banyak juga? Secara 60k 10 detik ini berasa bgt borosnya untuk sekadar kenalan WKWK",BOTH,negative
8526273940599,2026-09-12 16:27:40+00:00,Dan jot malah nambahin susah dengan menaikkan harga 2s & MnG pakyu deh,BOTH,negative
204717687003308,2026-09-12 15:57:32+00:00,GAK JADI AH MONYET HARGA 2S MNG DINAIKIN,BOTH,negative
262743801505362,2026-09-12 15:36:38+00:00,"Terkadang kita jarang se-hype dulu buat mendukung oshi belakangan ini bukan karena oshinya, melainkan keadaan. Salah satunya harga tiket 2s dan MnG yang naiknya gak ngotak in this economy.",BOTH,negative
237294892973984,2026-09-12 15:05:03+00:00,harus kerja lembur lagi ini mahh di liat liatt harga naek tuh 2s ma mng,BOTH,negative
108491941638403,2026-09-12 15:02:57+00:00,Bencana sesungguhnya Wota kenaikan harga event Mng 2s 🙃,BOTH,negative
111320506114391,2026-09-12 15:02:52+00:00,Naikin harga minimal staff lo briefing dulu tuh sering banget kalo event di pusat staff 2s sama mng ga jelas @user,BOTH,negative
33482322331184,2026-09-12 15:02:38+00:00,Pantes judul Single Terbarunya “Ayo Senyumlah” harga 2S & MnG di naikin jadi disuruh senyum,BOTH,negative
234602539298136,2026-09-12 15:01:10+00:00,Naikin harga ini dibarengin naikin kualitas ga? Sadar gasi kalau service lu ke cust tuh jelek kaya live idn hari ini??? Kaya war mng 2s setelah lu rombak web lu??? @user @user 🤣,BOTH,negative
107685735499019,2026-09-12 14:59:21+00:00,"BUSET HARGA 2S JADI 200K
MNG JADI 60K [link]",BOTH,negative
110947641963498,2026-09-12 14:58:33+00:00,"Ternyata Dollar masih ngaruh dan ngaruh juga ke harga tiket 2s MnG
@user gda flash sale 9.9? [link]",BOTH,neutral
192124526859187,2026-09-12 14:54:53+00:00,"HARGA TIKET MnG jadi 60K
HARGA TIKET 2S jadi 200K

ANJENG",BOTH,negative
169843103601878,2026-09-13 09:15:58+00:00,60.000 buat ketemu dan ngobrol selama 10 detik is too much yah. So sepertinya aku akan semakin mempersempit pembelian produk untuk ngidol. Buat 2s aku gak masalah klo harga dibuat 200k tapi TOLONG BANGET KUALITAS FOTO JUGA HARUS BAGUS!!!,2SHOT,neutral
241051981809478,2026-09-13 04:08:37+00:00,"berangkat gak yah, 200k anjeng, 1x 2s, mending buat makan seminggu 😭",2SHOT,negative
236520398731780,2026-09-13 01:34:45+00:00,"Lama ga ngikutin ini fandom tiba tiba muncul di Tl 2s naik 200k,yaudah lah mending lanjut pensi",2SHOT,negative
15506244640023,2026-09-12 18:25:29+00:00,2s jadi 200k tapi dapet digitalnya juga boleh boleh dah tuh jot,2SHOT,positive
195766067285300,2026-09-12 16:34:33+00:00,"2s pertiket 200k + mng pertiket 60k
meding duitnya buat gw topup epep",BOTH,negative
156967189375183,2026-09-12 16:16:51+00:00,"2s sama kamu aja bisa ga? tiketnya ga 200k kan? 🙃🙃🙃
@user",2SHOT,neutral
119998550250,2026-09-12 16:11:03+00:00,"Harga 2s 200k

Ayo Senyumlah",2SHOT,negative
171308219641448,2026-09-12 16:09:14+00:00,gjd 2s deh gw mahal bgt 200k,2SHOT,negative
139467966608413,2026-09-12 16:02:33+00:00,Kaget amat liat tl ktnya harga 2s naik jadi 200k,2SHOT,negative
239650889191403,2026-09-12 15:31:51+00:00,@user 2s nya 200k MnG 60k stress,BOTH,negative
195531797233609,2026-09-12 15:24:28+00:00,"200k masih ada yang komplen foto burik jarak kejauhan, sumpah dosa besar kalian sama fans sendiri @user @user  @user 
   
Hehehe ci @user minta tolong nnti cariin vendor yang bagus buat 2s nya yah, makasih☺️",2SHOT,negative
227570936627728,2026-09-12 15:22:51+00:00,rencana gw 2s 2 sesi sama erine gagal pas ngeliat harga 2s naik 200k,2SHOT,negative
61897562606570,2026-09-12 15:17:04+00:00,gua yakin banget ini kalo SO malah di wajarin keterusan 200k 2s 60k buat 10 detik MNG WKWK anjing lu @user,BOTH,negative
242753884036778,2026-09-12 15:08:31+00:00,"Wow 
2s : 180k >>> 200k
MnG : 50k >>> 60k",BOTH,neutral
181549187742980,2026-09-12 14:58:53+00:00,"2S jadi 200k. MNG jadi 60k 
bangke jot !!!!!",BOTH,negative
259334493100315,2026-09-12 14:58:29+00:00,"Harus itung2an lagi dong ini babiiik
2s jadi 200k
MnG 60k",BOTH,negative
5088149939265,2026-09-12 14:56:31+00:00,"Mng.    jadi 60k
2s         jadi 200k 
In this economy ..🔥🫡🫡",BOTH,negative
214989322324446,2026-09-12 14:55:20+00:00,"@user M&G jadi 60k
2s jadi 200k [link]",2SHOT,neutral
243272021601559,2026-09-12 14:54:28+00:00,"KENAPA 2s jadi 200k dan mng jadi 60k?
@user  benerin aja dlu idn lu ege",BOTH,negative
117525938309243,2026-09-12 14:54:04+00:00,2s jadi 200k😭😭😭,2SHOT,negative
76590783594058,2026-09-12 14:51:48+00:00,"Lah anjir

MNG jadi 60K dan 2s jadi 200k ? 😳",BOTH,negative
18817469083403,2026-09-13 02:53:58+00:00,dengan harga 2shot yang naik jadi 200k harusnya garis pembatasnya dihilangin lagi ga sih?,2SHOT,negative
5488952905617,2026-09-12 21:13:16+00:00,"2shot 200k terus kualitas e kayak di surabaya kemaren, jujur.......berat.......",2SHOT,negative
41441775561607,2026-09-12 15:56:51+00:00,"ajg tiket 2shot naek, pensi lah gua fix
200k per member itu berasa juga",2SHOT,negative
95583401707744,2026-09-12 15:41:09+00:00,"Klo mau naik harganya harus ada peningkatan juga gak sih JOT, biar win-win solution. M&G kan jadi 60rb ya durasinya ditambah dikit lah atuh, jangan tetap sama 10 detik. Lalu 2shot naik 200k, nanti hasilnya terang benderang kayak di theater sementara Jogja itu bagusss bgt",2SHOT,negative
191613660977982,2026-09-12 15:01:16+00:00,"kenaikan harga

2shot 180k > 200k
MnG 50k > 60k

wdyt? 😅",BOTH,neutral
132586614341741,2026-09-12 14:50:20+00:00,"@user Lah harga 2shot naek jadi 200K, bukannya 180K ya sebelumnya?",2SHOT,negative
195701765388944,2026-09-12 14:59:42+00:00,"MnG 50k > 60k
2 shot 180k > 200k

demm aku yg gak ikutan aja KESEL LOH BACANYA😭",BOTH,negative
111164771046293,2026-09-13 10:50:54+00:00,harga 2s 200? 300 lagi bisa buat bayar spp sekolah jirt🤣🤣,2SHOT,negative
130645637455795,2026-09-12 18:45:42+00:00,"yaelahh malah naekin harga 2s bukannya naekin kualitas lo as a group idol

yang dikedepanin jualan mulu jinkk",2SHOT,negative
80230045966866,2026-09-12 16:22:40+00:00,"harga 2s 150 baru aku senyum, udah bener 180 malah kau tambahkan pula 20 ribu itu jot, lumayan buat tambah beli esse doubel klik itu 20 ribu😀",2SHOT,negative
230331324942112,2026-09-12 15:58:54+00:00,"gimana mo tersenyum klo harganya pada naik, in this economy harga 2s setara harga pp (ngecer) 😭",2SHOT,negative
209842595879129,2026-09-12 15:38:57+00:00,tolong tenan ini gaji kecil tapi harga 2s naik i sudah gila si bro ini @user,2SHOT,negative
197283576899972,2026-09-12 15:32:38+00:00,Kok harga 2S nya naik?,2SHOT,neutral
222535885116709,2026-09-12 15:32:07+00:00,ajg harga 2s naek,2SHOT,negative
156348947982667,2026-09-12 15:31:20+00:00,harga tiket 2s naik ngikutin bbm kali ya? @user tolong percepat perdamaian iran amerika biar bbm turun dan harga 2s jkt turun juga,2SHOT,negative
120468247889963,2026-09-12 14:52:46+00:00,hatiku sakit melihat harga 2s seharga teather,2SHOT,negative
201942399858178,2026-09-12 16:01:52+00:00,"kondisi kita sedang suram blablabla, mari kita bikin single ayo senymlah dengan center yang membawa senyuman blablabla, abis itu malah naikin harga 2shot dan mng di saat kondisi ekonomi lagi begini. oalah kapitalis tempik",BOTH,negative
127503804035442,2026-09-12 14:58:26+00:00,"@user HWA HARGA 2SHOT NAIK, KIKIR",2SHOT,negative
70549778129085,2026-09-13 05:30:59+00:00,"Lebih baik MNG 60k, tapi dihitung 20 detik per tiket 🙂",MNG,positive
184318882599634,2026-09-13 05:22:09+00:00,"@user mng naik 60k tapi durasinya gak nambah, demduttt 😹💔",MNG,negative
133621238117871,2026-09-13 04:47:23+00:00,At least bonus mng juga ditambah dong jadi 60k/pc/15 sekon @user @user @user @user,MNG,negative
184196919879457,2026-09-13 04:41:28+00:00,@user mng 60k demdut 😹,MNG,negative
124034780726898,2026-09-13 02:41:16+00:00,"Melihat sangat tidak worth it 60k untuk 10 detik, pasti pada ngalihin ke 2shoot. Jadi mending lo tambahin sesi 2shoot daripada sesi MnG yaaaa @user",MNG,negative
241302684460930,2026-09-12 17:37:15+00:00,"Naspad 20K ah mahal banget,
Tiket MnG 60K murah cok cuma naik 10rb 🤣",MNG,positive
7718026612056,2026-09-12 16:59:16+00:00,oke mng 60k pas waktu abis gue gaakan keluar sampe diseret seret jeote,MNG,negative
219968986879448,2026-09-12 16:49:57+00:00,bayangin aja mng 60k cmn dapet sedetik..... jot puki,MNG,negative
149969750520602,2026-09-12 16:42:41+00:00,@user Jujur rada berat sih kalo 10detik 60k kecuali durasi mng di naikin sih,MNG,negative
105275692617808,2026-09-12 16:07:25+00:00,"MnG naik 10k minimal waktu ngobrolnya juga nambah gila @user, 60k 10 detik mending gw beli 5 mangkok mie ayam",MNG,negative
33561255487183,2026-09-12 15:51:16+00:00,"Gak masuk akal bgt in this economy harga tiket theater 200k , MnG 60k/10 detik , 2shoot 200k ?!! Gak kebayang harga tiket konser ntar berapa duit wkwkw monyet lu naikin harga mulu kek pemerintah @user",MNG,negative
143104401734443,2026-09-12 15:50:54+00:00,"IDN & JOT sengaja banget bikin harga mng di angka yang nanggung (60k).. itu bonus poin, top up poin ga ada yang kelipatan 60 ya anjirr lu @user @user @user 🫵🫵

Sengaja banget biar kalau topup poinnya nyisa (uang nganggur), kalian pikir kita gatau strategi",MNG,negative
109417133158813,2026-09-12 15:07:44+00:00,"Top up jeketi point 1juta, bonus point nya gabisa beli 1tiket mng karena naik jadi 60k 🤣",MNG,negative
28660847814062,2026-09-12 14:58:38+00:00,JOT JANCOK MNG 60K,MNG,negative
118600149544782,2026-09-12 14:55:38+00:00,"Tusut : 200k
 Mng : 60k 

 Aman kan guys?",MNG,neutral
54657021159695,2026-09-12 14:52:29+00:00,"Tusut jadi 200k
MnG jadi 60k

BANGKEEEE",MNG,negative
202124152635839,2026-09-13 09:11:47+00:00,"Duitnya ada, tapi abis ada love letter, makin kesini makin berasa ""diperes"" doang sama manajemen. Belom lg ketambahan harga mng yg tiba2 naik tapi belum tentu diimbangi sm kualitas produk jot (hasil foto, pc dll) bahkan permasalahan lama kek merch, bdts  bukannya dibenerin malah",MNG,negative
42919681983667,2026-09-13 07:01:21+00:00,"2 Pertanyaan untuk Team Passion 📄

1. Harga 2-Shot naik menjadi Rp200.000
Bagaimanakah baiknya?
2. Harga MnG naik menjadi Rp60.000
Bagaimanakah baiknya?

#CaraMeminumRamuneJKT48 [link]",BOTH,neutral
215288973542994,2026-09-13 05:27:49+00:00,Dengan naiknya harga mng dan tusut makin keliatan itu gap antara maaf member laku dan gak laku😭,MNG,neutral
18457896356603,2026-09-13 01:13:24+00:00,walah harga MnG dan 2-shot naik🥲,BOTH,negative
239217014878140,2026-09-12 17:14:30+00:00,Pemerintah ngapain aja sih harga mng ampe naek,MNG,negative
11736740449770,2026-09-12 16:51:21+00:00,"Sebelum kenaikan harga mng dan2s barusan, terakhir kenaikan harganya kapan ya? Ada yg tau?",MNG,neutral
55849427901134,2026-09-12 16:06:05+00:00,@user Kenaikan harga MnG tidak sebanding dengan kenaikan UMR @user,MNG,negative
241311352414862,2026-09-12 15:42:09+00:00,"jujur inimah, itu kenaikan harga MnG 10rb/tiket & 2Shot 20rb/tiket, lumayan anj

dulu jaman gw merantau ke sumatera, selama ngekos aja kadang 10rb buat sehari (beli sayur aja buat seharian), terus 20rb? kalo males masak nasi bisa sarapannya beli, makan siang sama malem beli lauk",BOTH,negative
231345965633259,2026-09-12 15:25:13+00:00,"harga mng tusut naik, show gen 1 ga ada cigul 🙂 [link]",MNG,neutral
261585035604100,2026-09-12 15:20:25+00:00,"Baru liat harga MnG naek jadi 60rb anjg
Naik harga doang gak nambah durasi MnG nya kntl",MNG,negative
21192887747873,2026-09-12 15:10:09+00:00,@user Gak jadi tersenyum pas liat harga mng sama tusutnya 🙃,MNG,negative
274205005750548,2026-09-13 04:08:15+00:00,"@user @user @user tiket pesawat mahal, BBM langka, tabung gas langka, mati lampu bergilir, mng naik, tusut naik, lengkap sudah",MNG,negative
53172214150292,2026-09-13 02:35:18+00:00,"2shoot naik jadi 200k
Tiket MnG naik jadi 60 k
Jangan sampe aja tiket theater naik lagi  jadi 220k
Sama 2shoot 120k",MNG,negative
24233887040269,2026-09-13 01:53:33+00:00,Disuruh senyum soalnya harga 2shoot sama MnG naik WKWKWKWKWKWK,MNG,negative
